id,synonym,concept_source,concept_id,synonym_for
1230,Abiotrophia adiacens,LPSN,species/abiotrophia-adiacens,201
1195,Abiotrophia elegans,LPSN,species/abiotrophia-elegans,99
1482,Achromobacter xylosoxidans xylosoxidans,LPSN,subspecies/achromobacter-xylosoxidans-xylosoxidans,1374
2179,Acladium castellanii,MycoBank,120097,145
2699,Acremonium alabamensis,NeoIPC,29,2698
96,Acremonium kiliense,MycoBank,252874,3382
1064,Acremonium recifei,MycoBank,308188,3401
2154,Acremonium strictum,MycoBank,308201,3384
114,Acrotheca aquaspersa,MycoBank,308264,1187
1049,Actinobacillus actinomycetemcomitans,LPSN,species/actinobacillus-actinomycetemcomitans,697
2207,Actinobaculum schaalii,LPSN,species/actinobaculum-schaalii,2313
839,Actinobaculum urinale,LPSN,species/actinobaculum-urinale,239
688,Actinomyces bernardiae,LPSN,species/actinomyces-bernardiae,295
2162,Actinomyces cardiffensis,LPSN,species/actinomyces-cardiffensis,3241
1676,Actinomyces europaeus,LPSN,species/actinomyces-europaeus,3189
2229,Actinomyces funkei,LPSN,species/actinomyces-funkei,3251
988,Actinomyces georgiae,LPSN,species/actinomyces-georgiae,3208
1214,Actinomyces hongkongensis,LPSN,species/actinomyces-hongkongensis,3084
2211,Actinomyces meyeri,LPSN,species/actinomyces-meyeri,3267
759,Actinomyces nasicola,LPSN,species/actinomyces-nasicola,3038
2055,Actinomyces neuii,LPSN,species/actinomyces-neuii,3056
2466,Actinomyces odontolyticus,LPSN,species/actinomyces-odontolyticus,3298
119,Actinomyces radingae,LPSN,species/actinomyces-radingae,3166
1558,Actinomyces turicensis,LPSN,species/actinomyces-turicensis,3040
2379,Aeromonas punctata,LPSN,species/aeromonas-punctata,461
652,Aeromonas trota,LPSN,species/aeromonas-trota,2578
2274,Alcaligenes piechaudii,LPSN,species/alcaligenes-piechaudii,752
1584,Alcaligenes xylosoxidans,LPSN,species/alcaligenes-xylosoxidans,1374
351,Alcaligenes xylosoxidans xylosoxidans,LPSN,subspecies/alcaligenes-xylosoxidans-xylosoxidans,1374
1718,Aleurisma apiospermum,MycoBank,250730,1795
683,Allescheria boydii,MycoBank,258760,145
1659,Anaerorhabdus furcosus,LPSN,species/anaerorhabdus-furcosus,3051
2239,Arcanobacterium bernardiae,LPSN,species/arcanobacterium-bernardiae,295
112,Arcanobacterium pyogenes,LPSN,species/arcanobacterium-pyogenes,2122
1280,Arthrobacter albus,LPSN,species/arthrobacter-albus,3164
961,Arthrobacter arilaitensis,LPSN,species/arthrobacter-arilaitensis,3203
1573,Arthrobacter aurescens,LPSN,species/arthrobacter-aurescens,3313
894,Arthrobacter bergerei,LPSN,species/arthrobacter-bergerei,3068
304,Arthrobacter chlorophenolicus,LPSN,species/arthrobacter-chlorophenolicus,3191
877,Arthrobacter creatinolyticus,LPSN,species/arthrobacter-creatinolyticus,3169
1916,Arthrobacter cumminsii,LPSN,species/arthrobacter-cumminsii,3006
862,Arthrobacter gangotriensis,LPSN,species/arthrobacter-gangotriensis,3013
199,Arthrobacter histidinolovorans,LPSN,species/arthrobacter-histidinolovorans,3019
2258,Arthrobacter ilicis,LPSN,species/arthrobacter-ilicis,3210
133,Arthrobacter kerguelensis,LPSN,species/arthrobacter-kerguelensis,2968
211,Arthrobacter mysorens,LPSN,species/arthrobacter-mysorens,3151
1174,Arthrobacter nasiphocae,LPSN,species/arthrobacter-nasiphocae,3245
2287,Arthrobacter nicotianae,LPSN,species/arthrobacter-nicotianae,3151
1344,Arthrobacter nicotinovorans,LPSN,species/arthrobacter-nicotinovorans,3132
434,Arthrobacter nitroguajacolicus,LPSN,species/arthrobacter-nitroguajacolicus,3162
1058,Arthrobacter oxydans,LPSN,species/arthrobacter-oxydans,2976
1952,Arthrobacter polychromogenes,LPSN,species/arthrobacter-polychromogenes,3225
1728,Arthrobacter protophormiae,LPSN,species/arthrobacter-protophormiae,3114
980,Arthrobacter psychrophenolicus,LPSN,species/arthrobacter-psychrophenolicus,3090
1733,Arthrobacter scleromae,LPSN,species/arthrobacter-scleromae,3007
183,Arthrobacter siderocapsulatus,LPSN,species/arthrobacter-siderocapsulatus,1775
363,Arthrobacter sulfonivorans,LPSN,species/arthrobacter-sulfonivorans,3321
1136,Arthrobacter sulfureus,LPSN,species/arthrobacter-sulfureus,3024
563,Arthrobacter uratoxydans,LPSN,species/arthrobacter-uratoxydans,3255
1852,Arthrobacter ureafaciens,LPSN,species/arthrobacter-ureafaciens,3292
123,Arthrobacter variabilis,LPSN,species/arthrobacter-variabilis,1821
1386,Arthrobacter viscosus,LPSN,species/arthrobacter-viscosus,3005
2355,Aspergillus oryzae,MycoBank,184394,3396
1812,Atopobium parvulum,LPSN,species/atopobium-parvulum,3011
1664,Atopobium rimae,LPSN,species/atopobium-rimae,3154
479,Atopobium vaginae,LPSN,species/atopobium-vaginae,3233
1951,Aurantimonas altamirensis,LPSN,species/aurantimonas-altamirensis,1665
2554,Aureobacterium liquefaciens,LPSN,species/aureobacterium-liquefaciens,1203
1943,Azymoprocandida lipolytica,MycoBank,326863,3377
2614,B19 virus,NeoIPC,10,2612
2470,BK polyomavirus,ICTV,202104459,2642
278,Bacillus agaradhaerens,LPSN,species/bacillus-agaradhaerens,3085
320,Bacillus agri,LPSN,species/bacillus-agri,962
722,Bacillus alcalophilus,LPSN,species/bacillus-alcalophilus,2992
1621,Bacillus algicola,LPSN,species/bacillus-algicola,3093
671,Bacillus alvei,LPSN,species/bacillus-alvei,184
1035,Bacillus aneurinolyticus,LPSN,species/bacillus-aneurinolyticus,3290
2329,Bacillus aquimaris,LPSN,species/bacillus-aquimaris,3217
218,Bacillus arseniciselenatis,LPSN,species/bacillus-arseniciselenatis,2982
634,Bacillus asahii,LPSN,species/bacillus-asahii,3296
1000,Bacillus azotoformans,LPSN,species/bacillus-azotoformans,3122
603,Bacillus barbaricus,LPSN,species/bacillus-barbaricus,3304
267,Bacillus bataviensis,LPSN,species/bacillus-bataviensis,3098
2324,Bacillus boroniphilus,LPSN,species/bacillus-boroniphilus,3305
48,Bacillus brevis,LPSN,species/bacillus-brevis,1486
482,Bacillus butanolivorans,LPSN,species/bacillus-butanolivorans,2981
804,Bacillus centrosporus,LPSN,species/bacillus-centrosporus,1687
2034,Bacillus circulans,LPSN,species/bacillus-circulans,3288
2500,Bacillus clarkii,LPSN,species/bacillus-clarkii,3300
789,Bacillus clausii,LPSN,species/bacillus-clausii,3134
2228,Bacillus coagulans,LPSN,species/bacillus-coagulans,3159
845,Bacillus cohnii,LPSN,species/bacillus-cohnii,3140
623,Bacillus decolorationis,LPSN,species/bacillus-decolorationis,3183
2543,Bacillus dipsosauri,LPSN,species/bacillus-dipsosauri,3185
2250,Bacillus drentensis,LPSN,species/bacillus-drentensis,3301
140,Bacillus edaphicus,LPSN,species/bacillus-edaphicus,1336
1540,Bacillus ehimensis,LPSN,species/bacillus-ehimensis,3209
273,Bacillus endophyticus,LPSN,species/bacillus-endophyticus,3271
969,Bacillus farraginis,LPSN,species/bacillus-farraginis,3256
39,Bacillus fastidiosus,LPSN,species/bacillus-fastidiosus,3265
475,Bacillus firmus,LPSN,species/bacillus-firmus,3105
1550,Bacillus flexus,LPSN,species/bacillus-flexus,3177
971,Bacillus fordii,LPSN,species/bacillus-fordii,3295
1939,Bacillus fortis,LPSN,species/bacillus-fortis,3004
1735,Bacillus fumarioli,LPSN,species/bacillus-fumarioli,3270
1407,Bacillus funiculus,LPSN,species/bacillus-funiculus,3214
1321,Bacillus galactophilus,LPSN,species/bacillus-galactophilus,962
866,Bacillus galactosidilyticus,LPSN,species/bacillus-galactosidilyticus,3282
1491,Bacillus gelatini,LPSN,species/bacillus-gelatini,3195
1372,Bacillus gibsonii,LPSN,species/bacillus-gibsonii,3041
2377,Bacillus ginsengi,LPSN,species/bacillus-ginsengi,3171
448,Bacillus halmapalus,LPSN,species/bacillus-halmapalus,3220
2011,Bacillus halodenitrificans,LPSN,species/bacillus-halodenitrificans,3000
2463,Bacillus halodurans,LPSN,species/bacillus-halodurans,3077
2064,Bacillus horikoshii,LPSN,species/bacillus-horikoshii,3196
2499,Bacillus humi,LPSN,species/bacillus-humi,3215
2199,Bacillus hwajinpoensis,LPSN,species/bacillus-hwajinpoensis,3008
240,Bacillus idriensis,LPSN,species/bacillus-idriensis,3121
612,Bacillus indicus,LPSN,species/bacillus-indicus,3150
1117,Bacillus jeotgali,LPSN,species/bacillus-jeotgali,2979
2121,Bacillus kaustophilus,LPSN,species/bacillus-kaustophilus,3033
979,Bacillus korlensis,LPSN,species/bacillus-korlensis,3236
111,Bacillus krulwichiae,LPSN,species/bacillus-krulwichiae,3262
792,Bacillus laevolacticus,LPSN,species/bacillus-laevolacticus,436
1815,Bacillus larvae,LPSN,species/bacillus-larvae,1653
2013,Bacillus laterosporus,LPSN,species/bacillus-laterosporus,1557
991,Bacillus lentimorbus,LPSN,species/bacillus-lentimorbus,1504
736,Bacillus lentus,LPSN,species/bacillus-lentus,3125
121,Bacillus luciferensis,LPSN,species/bacillus-luciferensis,3074
2399,Bacillus macerans,LPSN,species/bacillus-macerans,470
237,Bacillus macyae,LPSN,species/bacillus-macyae,3046
185,Bacillus marinus,LPSN,species/bacillus-marinus,3137
1596,Bacillus marisflavi,LPSN,species/bacillus-marisflavi,3216
1397,Bacillus massiliensis,LPSN,species/bacillus-massiliensis,3260
1785,Bacillus megaterium,LPSN,species/bacillus-megaterium,3226
2277,Bacillus mucilaginosus,LPSN,species/bacillus-mucilaginosus,3149
2275,Bacillus muralis,LPSN,species/bacillus-muralis,3302
1409,Bacillus naganoensis,LPSN,species/bacillus-naganoensis,2972
1102,Bacillus nealsonii,LPSN,species/bacillus-nealsonii,3131
433,Bacillus niacini,LPSN,species/bacillus-niacini,3129
2422,Bacillus novalis,LPSN,species/bacillus-novalis,3062
1623,Bacillus odysseyi,LPSN,species/bacillus-odysseyi,3091
637,Bacillus okuhidensis,LPSN,species/bacillus-okuhidensis,3077
1838,Bacillus oleronius,LPSN,species/bacillus-oleronius,3010
192,Bacillus pabuli,LPSN,species/bacillus-pabuli,543
2937,Bacillus pallidus,LPSN,species/bacillus-pallidus,2936
599,Bacillus pantothenticus,LPSN,species/bacillus-pantothenticus,2585
921,Bacillus parabrevis,LPSN,species/bacillus-parabrevis,389
1848,Bacillus pasteurii,LPSN,species/bacillus-pasteurii,3193
2315,Bacillus patagoniensis,LPSN,species/bacillus-patagoniensis,3165
3,Bacillus pocheonensis,LPSN,species/bacillus-pocheonensis,3009
1328,Bacillus polymyxa,LPSN,species/bacillus-polymyxa,2517
2455,Bacillus popilliae,LPSN,species/bacillus-popilliae,1547
27,Bacillus pseudalcaliphilus,LPSN,species/bacillus-pseudalcaliphilus,2984
2537,Bacillus pseudofirmus,LPSN,species/bacillus-pseudofirmus,3230
949,Bacillus psychrophilus,LPSN,species/bacillus-psychrophilus,2990
2481,Bacillus psychrosaccharolyticus,LPSN,species/bacillus-psychrosaccharolyticus,3252
33,Bacillus pulvifaciens,LPSN,species/bacillus-pulvifaciens,1653
1549,Bacillus pycnus,LPSN,species/bacillus-pycnus,486
864,Bacillus salexigens,LPSN,species/bacillus-salexigens,3096
324,Bacillus saliphilus,LPSN,species/bacillus-saliphilus,3258
1437,Bacillus selenitireducens,LPSN,species/bacillus-selenitireducens,2980
1118,Bacillus shackletonii,LPSN,species/bacillus-shackletonii,3320
357,Bacillus silvestris,LPSN,species/bacillus-silvestris,1913
1920,Bacillus simplex,LPSN,species/bacillus-simplex,3060
906,Bacillus siralis,LPSN,species/bacillus-siralis,3243
2076,Bacillus soli,LPSN,species/bacillus-soli,3123
2914,Bacillus sphaericus,LPSN,species/bacillus-sphaericus,2913
1097,Bacillus sporothermodurans,LPSN,species/bacillus-sporothermodurans,3106
1960,Bacillus subterraneus,LPSN,species/bacillus-subterraneus,3003
242,Bacillus subtilis inaquosorum,LPSN,subspecies/bacillus-subtilis-inaquosorum,3329
2173,Bacillus subtilis spizizenii,LPSN,subspecies/bacillus-subtilis-spizizenii,3213
1976,Bacillus subtilis subtilis,LPSN,subspecies/bacillus-subtilis-subtilis,1364
2298,Bacillus thermantarcticus,LPSN,species/bacillus-thermantarcticus,3029
715,Bacillus thermocatenulatus,LPSN,species/bacillus-thermocatenulatus,3023
577,Bacillus thermodenitrificans,LPSN,species/bacillus-thermodenitrificans,929
2437,Bacillus thermoglucosidasius,LPSN,species/bacillus-thermoglucosidasius,3174
1924,Bacillus thiaminolyticus,LPSN,species/bacillus-thiaminolyticus,579
1878,Bacillus tusciae,LPSN,species/bacillus-tusciae,3082
1544,Bacillus validus,LPSN,species/bacillus-validus,87
1469,Bacillus vedderi,LPSN,species/bacillus-vedderi,3314
1994,Bacillus vietnamensis,LPSN,species/bacillus-vietnamensis,3307
1224,Bacillus vireti,LPSN,species/bacillus-vireti,3250
1967,Bacillus weihenstephanensis,LPSN,species/bacillus-weihenstephanensis,2506
1546,Bacterionema matruchotii,LPSN,species/bacterionema-matruchotii,2230
525,Bacteroides bivius,LPSN,species/bacteroides-bivius,2279
1984,Bacteroides buccae,LPSN,species/bacteroides-buccae,1355
932,Bacteroides buccalis,LPSN,species/bacteroides-buccalis,1863
370,Bacteroides capillosus,LPSN,species/bacteroides-capillosus,2415
734,Bacteroides capillus,LPSN,species/bacteroides-capillus,1355
2010,Bacteroides coagulans,LPSN,species/bacteroides-coagulans,3311
1414,Bacteroides corporis,LPSN,species/bacteroides-corporis,404
1222,Bacteroides denticola,LPSN,species/bacteroides-denticola,338
365,Bacteroides disiens,LPSN,species/bacteroides-disiens,1586
382,Bacteroides distasonis,LPSN,species/bacteroides-distasonis,1928
2898,Bacteroides dorei,LPSN,species/bacteroides-dorei,2897
2168,Bacteroides endodontalis,LPSN,species/bacteroides-endodontalis,2284
2901,Bacteroides forsythus,LPSN,species/bacteroides-forsythus,2294
1190,Bacteroides furcosus,LPSN,species/bacteroides-furcosus,3051
1610,Bacteroides gingivalis,LPSN,species/bacteroides-gingivalis,1250
444,Bacteroides goldsteinii,LPSN,species/bacteroides-goldsteinii,1515
2007,Bacteroides gracilis,LPSN,species/bacteroides-gracilis,1074
1640,Bacteroides hypermegas,LPSN,species/bacteroides-hypermegas,1476
2592,Bacteroides intermedius,LPSN,species/bacteroides-intermedius,385
1314,Bacteroides levii,LPSN,species/bacteroides-levii,860
1600,Bacteroides macacae,LPSN,species/bacteroides-macacae,50
2189,Bacteroides massiliensis,LPSN,species/bacteroides-massiliensis,3039
903,Bacteroides melaninogenicus,LPSN,species/bacteroides-melaninogenicus,362
1434,Bacteroides merdae,LPSN,species/bacteroides-merdae,615
2523,Bacteroides multiacidus,LPSN,species/bacteroides-multiacidus,915
1641,Bacteroides nodosus,LPSN,species/bacteroides-nodosus,299
742,Bacteroides ochraceus,LPSN,species/bacteroides-ochraceus,61
1502,Bacteroides oralis,LPSN,species/bacteroides-oralis,627
920,Bacteroides oris,LPSN,species/bacteroides-oris,1005
1949,Bacteroides oulorum,LPSN,species/bacteroides-oulorum,582
2579,Bacteroides pentosaceus,LPSN,species/bacteroides-pentosaceus,1355
1340,Bacteroides praeacutus,LPSN,species/bacteroides-praeacutus,1021
84,Bacteroides putredinis,LPSN,species/bacteroides-putredinis,1619
1778,Bacteroides ruminicola,LPSN,species/bacteroides-ruminicola,2522
1237,Bacteroides salivosus,LPSN,species/bacteroides-salivosus,50
2311,Bacteroides splanchnicus,LPSN,species/bacteroides-splanchnicus,1738
2562,Bacteroides suis,LPSN,species/bacteroides-suis,1217
925,Bacteroides tectus,LPSN,species/bacteroides-tectus,1217
2160,Bacteroides ureolyticus,LPSN,species/bacteroides-ureolyticus,471
1213,Bacteroides veroralis,LPSN,species/bacteroides-veroralis,1472
197,Bacteroides vulgatus,LPSN,species/bacteroides-vulgatus,3294
166,Beneckea alginolytica,LPSN,species/beneckea-alginolytica,2443
1007,Beneckea harveyi,LPSN,species/beneckea-harveyi,2261
541,Beneckea parahaemolytica,LPSN,species/beneckea-parahaemolytica,1526
879,Beneckea vulnifica,LPSN,species/beneckea-vulnifica,2095
2829,Bifidobacterium denticolens,LPSN,species/bifidobacterium-denticolens,711
354,Bifidobacterium infantis,LPSN,species/bifidobacterium-infantis,3043
2830,Bifidobacterium inopinatum,LPSN,species/bifidobacterium-inopinatum,1652
1292,Bifidobacterium suis,LPSN,species/bifidobacterium-suis,3065
1927,Bipolaris australiensis,MycoBank,112052,3402
948,Bipolaris hawaiiensis,MycoBank,309555,3385
2691,Bocavirus,ICTV,202104241,2690
2240,Botryodiplodia theobromae,MycoBank,157658,842
496,Brachycladium spiciferum,MycoBank,221562,307
2441,Branhamella catarrhalis,LPSN,species/branhamella-catarrhalis,770
2283,Brevibacterium albidum,LPSN,species/brevibacterium-albidum,332
1784,Brevibacterium ammoniagenes,LPSN,species/brevibacterium-ammoniagenes,129
247,Brevibacterium imperiale,LPSN,species/brevibacterium-imperiale,2210
1829,Brevibacterium oxydans,LPSN,species/brevibacterium-oxydans,180
182,Brevibacterium vitarumen,LPSN,species/brevibacterium-vitarumen,2985
2195,Brucella abortus,LPSN,species/brucella-abortus,556
2152,Brucella canis,LPSN,species/brucella-canis,556
11,Brucella neotomae,LPSN,species/brucella-neotomae,556
887,Brucella ovis,LPSN,species/brucella-ovis,556
36,Brucella suis,LPSN,species/brucella-suis,556
2396,Burkholderia fungorum,LPSN,species/burkholderia-fungorum,2524
635,Burkholderia pickettii,LPSN,species/burkholderia-pickettii,954
1636,California encephalitis virus,ICTV,202100103,3334
2119,Calymmatobacterium,LPSN,genus/calymmatobacterium,1223
1914,Calymmatobacterium granulomatis,LPSN,species/calymmatobacterium-granulomatis,1760
1349,Campylobacter butzleri,LPSN,species/campylobacter-butzleri,2349
2015,Campylobacter cinaedi,LPSN,species/campylobacter-cinaedi,2082
2433,Campylobacter fennelliae,LPSN,species/campylobacter-fennelliae,118
402,Campylobacter laridis,LPSN,species/campylobacter-laridis,707
885,Campylobacter mustelae,LPSN,species/campylobacter-mustelae,1261
676,Campylobacter nitrofigilis,LPSN,species/campylobacter-nitrofigilis,875
2570,Campylobacter pylori,LPSN,species/campylobacter-pylori,258
380,Campylobacter sputorum mucosalis,LPSN,subspecies/campylobacter-sputorum-mucosalis,441
1264,Candida catenulata,MycoBank,284767,3403
1889,Candida ciferrii,MycoBank,327426,3371
1354,Candida duobushaemulonii,MycoBank,800921,3362
52,Candida guilliermondii,MycoBank,252488,2187
2694,Candida guilliermondii var. membranaefaciens,MycoBank,306134,1722
2693,Candida guilliermondii var. membranifaciens,MycoBank,346605,1722
2243,Candida haemulonii,MycoBank,292874,3380
62,Candida krusei,MycoBank,268707,2597
451,Candida lambica,MycoBank,108744,3365
1707,Candida lipolytica,MycoBank,284772,3377
1192,Candida lusitaniae,MycoBank,294031,2157
2582,Candida pelliculosa,MycoBank,253866,3386
396,Candida pintolopesii,MycoBank,310322,3348
568,Candida pulcherrima,MycoBank,284777,3414
1666,Candida ravautii,MycoBank,456225,3403
2418,Candida rugosa,MycoBank,284780,3357
2052,Candida slooffii,MycoBank,294047,3367
458,Candida stellatoidea,MycoBank,456227,2273
892,Candida stellimalicola,MycoBank,363648,3350
1238,Candida utilis,MycoBank,294053,3356
1651,Candida vini,MycoBank,310359,3349
1101,Catabacter,LPSN,genus/catabacter,3020
1823,Catabacter hongkongensis,LPSN,species/catabacter-hongkongensis,3163
2498,Cellulomonas cellulans,LPSN,species/cellulomonas-cellulans,1271
628,Cephalosporium recifei,MycoBank,254337,3401
281,Chaetomium atrobrunneum,MycoBank,294685,3383
2450,Chlamydophila,LPSN,genus/chlamydophila,2165
625,Chlamydophila abortus,LPSN,species/chlamydophila-abortus,3324
352,Chlamydophila pneumoniae,LPSN,species/chlamydophila-pneumoniae,1758
1425,Chlamydophila psittaci,LPSN,species/chlamydophila-psittaci,1766
2806,Chryseobacterium meningosepticum,LPSN,species/chryseobacterium-meningosepticum,690
1736,Chryseomonas polytricha,LPSN,species/chryseomonas-polytricha,1254
1907,Citrobacter diversus,LPSN,species/citrobacter-diversus,1747
104,Cladosporium werneckii,MycoBank,255465,1624
394,Clostridium absonum,LPSN,species/clostridium-absonum,833
1990,Clostridium barati,LPSN,species/clostridium-barati,1511
1375,Clostridium barkeri,LPSN,species/clostridium-barkeri,1589
2392,Clostridium bartlettii,LPSN,species/clostridium-bartlettii,3045
687,Clostridium bifermentans,LPSN,species/clostridium-bifermentans,3078
55,Clostridium bolteae,LPSN,species/clostridium-bolteae,3067
1034,Clostridium celerecrescens,LPSN,species/clostridium-celerecrescens,3205
2822,Clostridium citroniae,LPSN,species/clostridium-citroniae,2821
790,Clostridium clostridioforme,LPSN,species/clostridium-clostridioforme,3136
219,Clostridium difficile,LPSN,species/clostridium-difficile,594
1440,Clostridium ghoni,LPSN,species/clostridium-ghoni,3138
824,Clostridium ghonii,LPSN,species/clostridium-ghonii,3138
1092,Clostridium glycolicum,LPSN,species/clostridium-glycolicum,3323
1167,Clostridium hastiforme,LPSN,species/clostridium-hastiforme,1021
238,Clostridium hathewayi,LPSN,species/clostridium-hathewayi,3306
679,Clostridium histolyticum,LPSN,species/clostridium-histolyticum,3263
2291,Clostridium indolis,LPSN,species/clostridium-indolis,3310
2319,Clostridium irregulare,LPSN,species/clostridium-irregulare,3116
277,Clostridium irregularis,LPSN,species/clostridium-irregularis,3116
2826,Clostridium lavalense,LPSN,species/clostridium-lavalense,2825
1857,Clostridium lentoputrescens,LPSN,species/clostridium-lentoputrescens,1490
1930,Clostridium limosum,LPSN,species/clostridium-limosum,3021
1220,Clostridium orbiscindens,LPSN,species/clostridium-orbiscindens,257
1721,Clostridium oroticum,LPSN,species/clostridium-oroticum,3168
1870,Clostridium paraperfringens,LPSN,species/clostridium-paraperfringens,1511
796,Clostridium perenne,LPSN,species/clostridium-perenne,1511
1459,Clostridium sordellii,LPSN,species/clostridium-sordellii,2995
613,Clostridium sphenoides,LPSN,species/clostridium-sphenoides,3249
2828,Clostridium ventriculi,LPSN,species/clostridium-ventriculi,2459
1285,Clostridium villosum,LPSN,species/clostridium-villosum,371
1725,Colorado tick fever virus,ICTV,202104928,3339
684,Comamonas acidovorans,LPSN,species/comamonas-acidovorans,2356
1042,Corynebacterium camporealensis,LPSN,species/corynebacterium-camporealensis,3101
1155,Corynebacterium equi,LPSN,species/corynebacterium-equi,1776
234,Corynebacterium fascians,LPSN,species/corynebacterium-fascians,2169
246,Corynebacterium hoagii,LPSN,species/corynebacterium-hoagii,3115
2576,Corynebacterium lilium,LPSN,species/corynebacterium-lilium,514
1052,Corynebacterium mooreparkense,LPSN,species/corynebacterium-mooreparkense,1821
1067,Corynebacterium nigricans,LPSN,species/corynebacterium-nigricans,2438
328,Corynebacterium paurometabolum,LPSN,species/corynebacterium-paurometabolum,221
754,Corynebacterium pyogenes,LPSN,species/corynebacterium-pyogenes,2122
78,Corynebacterium seminale,LPSN,species/corynebacterium-seminale,1620
2929,Corynebacterium tuscaniae,LPSN,species/corynebacterium-tuscaniae,1227
677,Corynebacterium variabilis,LPSN,species/corynebacterium-variabilis,1821
1548,Corynebacterium vitarumen,LPSN,species/corynebacterium-vitarumen,2372
632,Crimean-Congo hemorrhagic fever virus,ICTV,202100070,3340
900,Cryptococcus aggregatus,MycoBank,456230,1055
2460,Cryptococcus utilis,MycoBank,456262,3356
2012,Curvularia spicifera,MycoBank,278597,307
771,Cytophaga heparina,LPSN,species/cytophaga-heparina,1048
2307,Dactylaria constricta,MycoBank,130188,1429
2534,Debaryomyces polymorphus,MycoBank,312744,782
933,Desulfomonas,LPSN,genus/desulfomonas,2147
1789,Dietzia cinnamea,LPSN,species/dietzia-cinnamea,3285
97,Drechslera,MycoBank,8103,3361
1618,Drechslera halodes,MycoBank,330196,1770
82,Drechslera rostrata,MycoBank,330213,1770
2471,Drechslera spicifera,MycoBank,313402,307
2646,Eastern equine encephalitis virus North American,ICTV,202105088,905
2648,Eastern equine encephalitis virus South American,ICTV,202105094,2647
1910,Edwardsiella anguillimortifera,LPSN,species/edwardsiella-anguillimortifera,2260
2286,Enterobacter aerogenes,LPSN,species/enterobacter-aerogenes,333
2281,Enterobacter agglomerans,LPSN,species/enterobacter-agglomerans,987
1755,Enterobacter amnigenus,LPSN,species/enterobacter-amnigenus,1228
1974,Enterobacter cowanii,LPSN,species/enterobacter-cowanii,2352
1571,Enterobacter dissolvens,LPSN,species/enterobacter-dissolvens,1130
446,Enterobacter gergoviae,LPSN,species/enterobacter-gergoviae,58
1809,Enterobacter intermedius,LPSN,species/enterobacter-intermedius,296
2322,Enterobacter nimipressuralis,LPSN,species/enterobacter-nimipressuralis,1249
38,Enterobacter pyrinus,LPSN,species/enterobacter-pyrinus,553
2716,Enterobacter sakazakii,LPSN,species/enterobacter-sakazakii,1295
2453,Enterococcus flavescens,LPSN,species/enterococcus-flavescens,2001
849,Enterococcus saccharominimus,LPSN,species/enterococcus-saccharominimus,1505
2302,Enterococcus seriolicida,LPSN,species/enterococcus-seriolicida,374
750,Enterococcus solitarius,LPSN,species/enterococcus-solitarius,2292
706,Entomophthora coronata,MycoBank,262031,2265
2116,Epstein-Barr virus,ICTV,202101486,3344
1948,Erwinia ananas,LPSN,species/erwinia-ananas,3086
2587,Erwinia cancerogena,LPSN,species/erwinia-cancerogena,1417
2390,Erwinia dissolvens,LPSN,species/erwinia-dissolvens,1130
1361,Erwinia nimipressuralis,LPSN,species/erwinia-nimipressuralis,1249
2718,Erwinia persicinus,LPSN,species/erwinia-persicinus,1063
2099,Erwinia uredovora,LPSN,species/erwinia-uredovora,2041
2615,Erythrovirus B19,NeoIPC,11,2612
222,Escherichia adecarboxylata,LPSN,species/escherichia-adecarboxylata,2159
2353,Escherichia vulneris,LPSN,species/escherichia-vulneris,3325
1327,Eubacterium aerofaciens,LPSN,species/eubacterium-aerofaciens,1460
2212,Eubacterium alactolyticum,LPSN,species/eubacterium-alactolyticum,2565
1483,Eubacterium biforme,LPSN,species/eubacterium-biforme,3293
455,Eubacterium budayi,LPSN,species/eubacterium-budayi,3170
34,Eubacterium combesii,LPSN,species/eubacterium-combesii,2823
2137,Eubacterium contortum,LPSN,species/eubacterium-contortum,3028
682,Eubacterium cylindroides,LPSN,species/eubacterium-cylindroides,3049
1051,Eubacterium dolichum,LPSN,species/eubacterium-dolichum,3244
228,Eubacterium eligens,LPSN,species/eubacterium-eligens,3148
1300,Eubacterium exiguum,LPSN,species/eubacterium-exiguum,1564
271,Eubacterium fossor,LPSN,species/eubacterium-fossor,2191
1737,Eubacterium hadrum,LPSN,species/eubacterium-hadrum,3058
1909,Eubacterium hallii,LPSN,species/eubacterium-hallii,3180
1433,Eubacterium lentum,LPSN,species/eubacterium-lentum,2709
756,Eubacterium moniliforme,LPSN,species/eubacterium-moniliforme,3111
270,Eubacterium plautii,LPSN,species/eubacterium-plautii,257
575,Eubacterium rectale,LPSN,species/eubacterium-rectale,3182
995,Eubacterium saburreum,LPSN,species/eubacterium-saburreum,3328
1180,Eubacterium timidum,LPSN,species/eubacterium-timidum,641
1674,Exophiala werneckii,MycoBank,314045,1624
1381,Falcivibrio grandis,LPSN,species/falcivibrio-grandis,1819
25,Falcivibrio vaginalis,LPSN,species/falcivibrio-vaginalis,3322
1992,Fissuricella filamenta,MycoBank,314141,3413
2380,Flavimonas oryzihabitans,LPSN,species/flavimonas-oryzihabitans,1204
1039,Flavobacterium breve,LPSN,species/flavobacterium-breve,1338
1446,Flavobacterium gleum,LPSN,species/flavobacterium-gleum,2544
2242,Flavobacterium heparinum,LPSN,species/flavobacterium-heparinum,1048
636,Flavobacterium indologenes,LPSN,species/flavobacterium-indologenes,294
1824,Flavobacterium marinotypicum,LPSN,species/flavobacterium-marinotypicum,2093
2363,Flavobacterium meningosepticum,LPSN,species/flavobacterium-meningosepticum,690
1945,Flavobacterium multivorum,LPSN,species/flavobacterium-multivorum,109
620,Flavobacterium odoratum,LPSN,species/flavobacterium-odoratum,1743
1305,Flavobacterium spiritivorum,LPSN,species/flavobacterium-spiritivorum,989
2128,Flavobacterium thalpophilum,LPSN,species/flavobacterium-thalpophilum,1917
319,Flavobacterium yabuuchiae,LPSN,species/flavobacterium-yabuuchiae,989
622,Fluoribacter,LPSN,genus/fluoribacter,2557
135,Fluoribacter bozemanae,LPSN,species/fluoribacter-bozemanae,549
947,Fluoribacter dumoffii,LPSN,species/fluoribacter-dumoffii,1262
766,Fluoribacter gormanii,LPSN,species/fluoribacter-gormanii,2580
1112,Fonsecaea compacta,MycoBank,535105,1207
1095,Fonsecaea compactum,MycoBank,286497,1207
616,Fonsecaea dermatitidis,MycoBank,491534,212
1113,Fusarium dimerum,MycoBank,232481,3372
2102,Fusarium semitectum,MycoBank,179598,2960
670,Fusarium sporotrichioides,MycoBank,145064,931
996,Fusicoccum dimidiatum,MycoBank,500891,2145
1551,Fusobacterium alocis,LPSN,species/fusobacterium-alocis,922
202,Fusobacterium nucleatum fusiforme,LPSN,subspecies/fusobacterium-nucleatum-fusiforme,2989
1149,Fusobacterium plauti,LPSN,species/fusobacterium-plauti,3248
940,Fusobacterium polymorphum,LPSN,species/fusobacterium-polymorphum,699
889,Fusobacterium prausnitzii,LPSN,species/fusobacterium-prausnitzii,1570
1473,Fusobacterium sulci,LPSN,species/fusobacterium-sulci,1275
1114,Gemella bergeriae,LPSN,species/gemella-bergeriae,3276
1997,Geobacillus thermoglucosidasius,LPSN,species/geobacillus-thermoglucosidasius,3174
2510,Geotrichum klebahnii,MycoBank,331261,3405
1947,Geotrichum penicillatum,MycoBank,314421,3405
1369,Gordonia rubropertinctus,LPSN,species/gordonia-rubropertinctus,2539
2601,Group A streptococcus,NeoIPC,3,1599
2602,Group B streptococcus,NeoIPC,4,2600
173,Haemophilus actinomycetemcomitans,LPSN,species/haemophilus-actinomycetemcomitans,697
293,Haemophilus aphrophilus,LPSN,species/haemophilus-aphrophilus,2085
1799,Haemophilus haemoglobinophilus,LPSN,species/haemophilus-haemoglobinophilus,3135
191,Haemophilus segnis,LPSN,species/haemophilus-segnis,89
2474,Hansenula anomala,MycoBank,146467,3386
1044,Hansenula fabianii,MycoBank,331659,1132
811,Hansenula polymorpha,MycoBank,331666,1565
1875,Helicobacter acinonyx,LPSN,species/helicobacter-acinonyx,10
193,Helicobacter nemestrinae,LPSN,species/helicobacter-nemestrinae,258
1650,Helminthosporium halodes,MycoBank,252515,1770
1441,Helminthosporium rostratum,MycoBank,254456,1770
1934,Helminthosporium spiciferum,MycoBank,298294,307
1568,Hepatitis A virus,ICTV,202102003,3338
2641,Hepatitis C virus,ICTV,202103127,2640
2653,Hepatitis G virus,NeoIPC,21,2651
2617,Herpes simplex virus type 1,ICTV,202101428,2616
2619,Herpes simplex virus type 2,ICTV,202101429,2618
822,Hormiscium dermatitidis,MycoBank,118937,212
510,Hormodendrum dermatitidis,MycoBank,491663,212
803,Hormonema,MycoBank,8562,3392
2676,Human T-lymphotropic virus 1,NeoIPC,25,2675
2678,Human T-lymphotropic virus 2,NeoIPC,26,2677
2605,Human cytomegalovirus,NeoIPC,5,2604
2650,Human hepatitis E virus,ICTV,202103665,2649
2671,Human herpesvirus 6A,ICTV,202101475,2670
2673,Human herpesvirus 6B,ICTV,202101476,2672
2631,Human herpesvirus 8,NeoIPC,18,2629
2662,Human parainfluenza virus 1,ICTV,202101622,2661
2664,Human parainfluenza virus 2,ICTV,202101630,2663
2666,Human parainfluenza virus 3,ICTV,202101623,2665
2668,Human parainfluenza virus 4,ICTV,202101631,2667
2613,Human parvovirus B19,ICTV,202104266,2612
2652,Human pegivirus,ICTV,202103142,2651
2643,Human polyomavirus 1,ICTV,202104459,2642
2683,Human polyomavirus 2,ICTV,202104460,2682
376,Human respiratory syncytial virus,ICTV,202101651,2603
2526,Influenza A virus,ICTV,202103956,2654
710,Influenza B virus,ICTV,202103958,2655
1420,Influenza C virus,ICTV,202103962,2656
2657,Influenza D virus,ICTV,202103960,2658
2684,JC polyomavirus,ICTV,202104460,2682
2685,JC virus,ICTV,202104460,2682
2630,Kaposi's sarcoma-associated herpesvirus,ICTV,202101510,2629
951,Kingella indologenes,LPSN,species/kingella-indologenes,1278
1832,Klebsiella ornithinolytica,LPSN,species/klebsiella-ornithinolytica,963
926,Klebsiella ozaenae,LPSN,species/klebsiella-ozaenae,733
476,Klebsiella planticola,LPSN,species/klebsiella-planticola,1402
2549,Klebsiella rhinoscleromatis,LPSN,species/klebsiella-rhinoscleromatis,1705
1607,Klebsiella singaporensis,LPSN,species/klebsiella-singaporensis,2264
760,Klebsiella terrigena,LPSN,species/klebsiella-terrigena,1294
2149,Klebsiella trevisanii,LPSN,species/klebsiella-trevisanii,1402
604,Kloeckera,MycoBank,8675,2961
2485,Kocuria erythromyxa,LPSN,species/kocuria-erythromyxa,2561
809,Kocuria kristinae,LPSN,species/kocuria-kristinae,3269
1922,Koserella trabulsii,LPSN,species/koserella-trabulsii,2227
515,Lactobacillus antri,LPSN,species/lactobacillus-antri,3318
279,Lactobacillus arizonensis,LPSN,species/lactobacillus-arizonensis,3157
2429,Lactobacillus brevis,LPSN,species/lactobacillus-brevis,3227
2185,Lactobacillus buchneri,LPSN,species/lactobacillus-buchneri,3167
551,Lactobacillus casei,LPSN,species/lactobacillus-casei,3027
466,Lactobacillus catenaformis,LPSN,species/lactobacillus-catenaformis,1825
552,Lactobacillus cellobiosus,LPSN,species/lactobacillus-cellobiosus,3094
305,Lactobacillus confusus,LPSN,species/lactobacillus-confusus,1464
1299,Lactobacillus fermentum,LPSN,species/lactobacillus-fermentum,3094
2310,Lactobacillus gastricus,LPSN,species/lactobacillus-gastricus,3133
1983,Lactobacillus minutus,LPSN,species/lactobacillus-minutus,1742
1399,Lactobacillus oris,LPSN,species/lactobacillus-oris,2997
462,Lactobacillus paracasei,LPSN,species/lactobacillus-paracasei,2994
1986,Lactobacillus plantarum,LPSN,species/lactobacillus-plantarum,3157
428,Lactobacillus reuteri,LPSN,species/lactobacillus-reuteri,3309
2221,Lactobacillus rhamnosus,LPSN,species/lactobacillus-rhamnosus,3277
356,Lactobacillus rimae,LPSN,species/lactobacillus-rimae,3154
1342,Lactobacillus sakei,LPSN,species/lactobacillus-sakei,3268
1442,Lactobacillus salivarius,LPSN,species/lactobacillus-salivarius,3234
703,Lactobacillus vaginalis,LPSN,species/lactobacillus-vaginalis,3199
1353,Lactobacillus vitulinus,LPSN,species/lactobacillus-vitulinus,3001
981,Lassa virus,ICTV,202102580,2669
1519,Lecythophora,MycoBank,8721,3352
1608,Lecythophora hoffmannii,MycoBank,108133,3354
1957,Lecythophora mutabilis,MycoBank,108134,3368
2907,Legionella bozemanii,LPSN,species/legionella-bozemanii,549
443,Legionella pittsburghensis,LPSN,species/legionella-pittsburghensis,2263
1494,Leptotrichia goodfellowii,LPSN,species/leptotrichia-goodfellowii,3025
1033,Leuconostoc amelibiosum,LPSN,species/leuconostoc-amelibiosum,2545
1471,Levinea amalonatica,LPSN,species/levinea-amalonatica,1302
1283,Listeria denitrificans,LPSN,species/listeria-denitrificans,1559
1385,Lucibacterium harveyi,LPSN,species/lucibacterium-harveyi,2261
2070,Lymphocytic choriomeningitis virus,ICTV,202102586,3343
959,Macrosporium,MycoBank,8821,874
513,Madurella mycetomi,MycoBank,119292,1627
607,Measles virus,ICTV,202101616,3333
1590,Megamonas hypermegas,LPSN,species/megamonas-hypermegas,1476
164,Methylobacterium zatmanii,LPSN,species/methylobacterium-zatmanii,3202
508,Micrococcus halobius,LPSN,species/micrococcus-halobius,106
2536,Micrococcus kristinae,LPSN,species/micrococcus-kristinae,3269
408,Micrococcus nishinomiyaensis,LPSN,species/micrococcus-nishinomiyaensis,545
1647,Micrococcus roseus,LPSN,species/micrococcus-roseus,2561
468,Micrococcus sedentarius,LPSN,species/micrococcus-sedentarius,28
204,Micropolyspora brevicatena,LPSN,species/micropolyspora-brevicatena,2022
2326,Microsporum brachytomum,MycoBank,102029,3408
1593,Mitsuokella dentalis,LPSN,species/mitsuokella-dentalis,2388
1468,Monosporium apiospermum,MycoBank,144739,1795
689,Moraxella anatipestifer,LPSN,species/moraxella-anatipestifer,3075
837,Moraxella phenylpyruvica,LPSN,species/moraxella-phenylpyruvica,1525
705,Moraxella urethralis,LPSN,species/moraxella-urethralis,1161
872,Mortierella wolfii,MycoBank,334519,2962
1428,Mucor javanicus,MycoBank,241505,1330
990,Mucor pusillus,MycoBank,247701,1630
1059,Mumps virus,ICTV,202101635,3337
1897,Mycobacterium africanum,LPSN,species/mycobacterium-africanum,1346
2858,Mycobacterium bouchedurhonense,LPSN,species/mycobacterium-bouchedurhonense,2461
1159,Mycobacterium bovis,LPSN,species/mycobacterium-bovis,1346
2949,Mycobacterium canetti,LPSN,species/mycobacterium-canetti,2948
1793,Mycobacterium caprae,LPSN,species/mycobacterium-caprae,1346
2860,Mycobacterium chimaera,LPSN,species/mycobacterium-chimaera,2859
2878,Mycobacterium massiliense,LPSN,species/mycobacterium-massiliense,2877
1669,Mycobacterium microti,LPSN,species/mycobacterium-microti,1346
869,Mycobacterium paratuberculosis,LPSN,species/mycobacterium-paratuberculosis,3099
1054,Mycobacterium pinnipedii,LPSN,species/mycobacterium-pinnipedii,1346
1082,Mycobacterium vanbaalenii,LPSN,species/mycobacterium-vanbaalenii,415
2290,Mycoplasma buccale,LPSN,species/mycoplasma-buccale,3059
1093,Mycoplasma faucium,LPSN,species/mycoplasma-faucium,3037
1478,Mycoplasma fermentans,LPSN,species/mycoplasma-fermentans,3047
229,Mycoplasma genitalium,LPSN,species/mycoplasma-genitalium,3072
1124,Mycoplasma hominis,LPSN,species/mycoplasma-hominis,2983
2106,Mycoplasma lipophilum,LPSN,species/mycoplasma-lipophilum,3071
509,Mycoplasma orale,LPSN,species/mycoplasma-orale,3002
1961,Mycoplasma penetrans,LPSN,species/mycoplasma-penetrans,3246
1787,Mycoplasma pirum,LPSN,species/mycoplasma-pirum,3118
2136,Mycoplasma pneumoniae,LPSN,species/mycoplasma-pneumoniae,2986
717,Mycoplasma primatum,LPSN,species/mycoplasma-primatum,2998
919,Mycoplasma salivarium,LPSN,species/mycoplasma-salivarium,3280
2300,Mycotorula lipolytica,MycoBank,318349,3377
709,Nakazawaea,MycoBank,27301,573
1531,Neisseria cuniculi,LPSN,species/neisseria-cuniculi,400
2285,Neisseria ovis,LPSN,species/neisseria-ovis,2569
2598,Neorickettsia sennetsu,LPSN,species/neorickettsia-sennetsu,3156
2090,Neosartorya fischeri,MycoBank,318630,3406
2183,Nocardia orientalis,LPSN,species/nocardia-orientalis,686
1062,Ochrobactrum,LPSN,genus/ochrobactrum,1316
1368,Ochrobactrum anthropi,LPSN,species/ochrobactrum-anthropi,3176
2413,Ochrobactrum intermedium,LPSN,species/ochrobactrum-intermedium,3317
1853,Ochroconis gallopava,MycoBank,115609,3394
2398,Paecilomyces javanicus,MycoBank,302192,3363
1290,Paecilomyces lilacinus,MycoBank,319114,3366
1268,Paecilomyces marquandii,MycoBank,302194,3410
1376,Paenibacillus gordonae,LPSN,species/paenibacillus-gordonae,87
533,Pantoea ananas,LPSN,species/pantoea-ananas,2041
2727,Pantoea calida,LPSN,species/pantoea-calida,2726
1931,Pasteurella haemolytica,LPSN,species/pasteurella-haemolytica,1880
2079,Pasteurella pneumotropica,LPSN,species/pasteurella-pneumotropica,3107
645,Pasteurella ureae,LPSN,species/pasteurella-ureae,1592
2097,Pediococcus urinaeequi,LPSN,species/pediococcus-urinaeequi,813
643,Pedobacter piscium,LPSN,species/pedobacter-piscium,3194
2550,Penicillium lilacinum,MycoBank,178973,3366
1516,Penicillium marneffei,MycoBank,335749,171
2584,Penicillium patulum,MycoBank,203666,994
2376,Penicillium puberulum,MycoBank,208565,3399
1794,Penicillium rubrum,MycoBank,205727,178
547,Penicillium verruculosum,MycoBank,166576,3353
2080,Peptococcus asaccharolyticus,LPSN,species/peptococcus-asaccharolyticus,2341
784,Peptococcus saccharolyticus,LPSN,species/peptococcus-saccharolyticus,19
2143,Peptostreptococcus asaccharolyticus,LPSN,species/peptostreptococcus-asaccharolyticus,2341
2487,Peptostreptococcus hydrogenalis,LPSN,species/peptostreptococcus-hydrogenalis,814
2431,Peptostreptococcus lactolyticus,LPSN,species/peptostreptococcus-lactolyticus,1772
1317,Peptostreptococcus magnus,LPSN,species/peptostreptococcus-magnus,103
1745,Peptostreptococcus micros,LPSN,species/peptostreptococcus-micros,1480
1053,Peptostreptococcus octavius,LPSN,species/peptostreptococcus-octavius,2382
2401,Peptostreptococcus parvulus,LPSN,species/peptostreptococcus-parvulus,3011
306,Peptostreptococcus prevotii,LPSN,species/peptostreptococcus-prevotii,37
2533,Peptostreptococcus productus,LPSN,species/peptostreptococcus-productus,631
774,Peptostreptococcus tetradius,LPSN,species/peptostreptococcus-tetradius,1388
826,Peptostreptococcus vaginalis,LPSN,species/peptostreptococcus-vaginalis,2031
1602,Petriellidium boydii,MycoBank,319444,145
1503,Phaeoannellomyces werneckii,MycoBank,105002,1624
2373,Phaeococcomyces exophialae,MycoBank,319527,3374
1648,Phialemonium curvatum,MycoBank,108341,3373
71,Phialophora compacta,MycoBank,282479,1207
580,Phialophora dermatitidis,MycoBank,336294,212
797,Phialophora gougerotii,MycoBank,302839,3400
1309,Phialophora hoffmannii,MycoBank,319847,3354
762,Phialophora jeanselmei,MycoBank,302840,2161
1576,Phialophora pedrosoi,MycoBank,289362,1207
2331,Phialophora richardsiae,MycoBank,276522,3397
633,Phialophora spinifera,MycoBank,336296,2424
847,Pichia angusta,MycoBank,107144,2139
587,Pichia anomala,MycoBank,107145,3386
1837,Pichia fabianii,MycoBank,107154,1132
456,Pichia farinosa,MycoBank,226618,3364
997,Pichia guilliermondii,MycoBank,337010,2187
1410,Pichia ohmeri,MycoBank,337016,1722
1475,Pichia polymorpha,MycoBank,226743,782
1803,Pityrosporum canis,MycoBank,337075,1904
1634,Pityrosporum furfur,MycoBank,320560,1542
2002,Pityrosporum ovale,MycoBank,456448,1542
235,Pityrosporum pachydermatis,MycoBank,273228,1904
2215,Pleurostomophora,MycoBank,500095,3379
1189,Pleurostomophora richardsiae,MycoBank,500098,3397
561,Porphyromonas cansulci,LPSN,species/porphyromonas-cansulci,857
2402,Porphyromonas salivosa,LPSN,species/porphyromonas-salivosa,50
1272,Prevotella heparinolytica,LPSN,species/prevotella-heparinolytica,1413
213,Prevotella oulora,LPSN,species/prevotella-oulora,582
526,Prevotella tannerae,LPSN,species/prevotella-tannerae,3223
1421,Prevotella zoogleoformans,LPSN,species/prevotella-zoogleoformans,2009
2068,Propionibacterium acidipropionici,LPSN,species/propionibacterium-acidipropionici,3030
2348,Propionibacterium acnes,LPSN,species/propionibacterium-acnes,1331
757,Propionibacterium avidum,LPSN,species/propionibacterium-avidum,3283
956,Propionibacterium granulosum,LPSN,species/propionibacterium-granulosum,2996
542,Propionibacterium innocuum,LPSN,species/propionibacterium-innocuum,3316
2497,Propionibacterium jensenii,LPSN,species/propionibacterium-jensenii,3272
586,Propionibacterium lymphophilum,LPSN,species/propionibacterium-lymphophilum,2571
966,Propionibacterium microaerophilum,LPSN,species/propionibacterium-microaerophilum,2991
2062,Propionibacterium propionicum,LPSN,species/propionibacterium-propionicum,2436
2198,Propionibacterium thoenii,LPSN,species/propionibacterium-thoenii,3286
2008,Proteus myxofaciens,LPSN,species/proteus-myxofaciens,3238
747,Proteus rettgeri,LPSN,species/proteus-rettgeri,516
2209,Prototheca filamenta,MycoBank,321038,3413
2112,Providencia friedericiana,LPSN,species/providencia-friedericiana,2120
657,Pseudallescheria boydii,MycoBank,110950,145
1604,Pseudomonas acidovorans,LPSN,species/pseudomonas-acidovorans,2356
1387,Pseudomonas antimicrobica,LPSN,species/pseudomonas-antimicrobica,1427
1002,Pseudomonas betle,LPSN,species/pseudomonas-betle,2448
1485,Pseudomonas cepacia,LPSN,species/pseudomonas-cepacia,2117
2394,Pseudomonas chloritidismutans,LPSN,species/pseudomonas-chloritidismutans,1561
1856,Pseudomonas cocovenenans,LPSN,species/pseudomonas-cocovenenans,1427
2043,Pseudomonas delafieldii,LPSN,species/pseudomonas-delafieldii,807
1243,Pseudomonas diminuta,LPSN,species/pseudomonas-diminuta,2548
1862,Pseudomonas facilis,LPSN,species/pseudomonas-facilis,274
68,Pseudomonas gladioli,LPSN,species/pseudomonas-gladioli,1427
2406,Pseudomonas luteola,LPSN,species/pseudomonas-luteola,1254
1099,Pseudomonas mallei,LPSN,species/pseudomonas-mallei,1150
2033,Pseudomonas maltophilia,LPSN,species/pseudomonas-maltophilia,2385
2837,Pseudomonas nosocomialis,LPSN,species/pseudomonas-nosocomialis,2836
2142,Pseudomonas paucimobilis,LPSN,species/pseudomonas-paucimobilis,529
1088,Pseudomonas perfectomarina,LPSN,species/pseudomonas-perfectomarina,1561
1691,Pseudomonas pertucinogena,LPSN,species/pseudomonas-pertucinogena,3175
63,Pseudomonas pickettii,LPSN,species/pseudomonas-pickettii,954
2065,Pseudomonas pseudoalcaligenes,LPSN,species/pseudomonas-pseudoalcaligenes,2988
1160,Pseudomonas pseudomallei,LPSN,species/pseudomonas-pseudomallei,2253
2237,Pseudomonas pyrrocinia,LPSN,species/pseudomonas-pyrrocinia,2963
2486,Pseudomonas testosteroni,LPSN,species/pseudomonas-testosteroni,843
1029,Pseudomonas vesicularis,LPSN,species/pseudomonas-vesicularis,2193
2703,Pseudozyma aphidis,MycoBank,415206,2702
977,Pullularia,MycoBank,9639,2492
46,Pullularia pullulans,MycoBank,275660,2964
349,Pyrenochaeta romeroi,MycoBank,338075,3345
2404,Rabies virus,ICTV,202101733,3336
1969,Ralstonia gilardii,LPSN,species/ralstonia-gilardii,1536
85,Ralstonia respiraculi,LPSN,species/ralstonia-respiraculi,2546
298,Ramichloridium cerophilum,MycoBank,322315,3393
244,Rhinocladiella pedrosoi,MycoBank,338306,1207
1394,Rhinocladiella spinifera,MycoBank,322470,2424
1028,Rhizobium radiobacter,LPSN,species/rhizobium-radiobacter,1008
1083,Rhizobium rubi,LPSN,species/rhizobium-rubi,3076
407,Rhizobium vitis,LPSN,species/rhizobium-vitis,3139
1018,Rhizopus nigricans,MycoBank,177460,227
517,Rhizopus oryzae,MycoBank,433253,799
216,Rhodococcus aurantiacus,LPSN,species/rhodococcus-aurantiacus,221
122,Rhodococcus bronchialis,LPSN,species/rhodococcus-bronchialis,2527
1050,Rhodococcus chlorophenolicus,LPSN,species/rhodococcus-chlorophenolicus,2965
1279,Rhodococcus luteus,LPSN,species/rhodococcus-luteus,2169
2412,Rhodococcus roseus,LPSN,species/rhodococcus-roseus,1971
924,Rhodococcus rubropertinctus,LPSN,species/rhodococcus-rubropertinctus,2539
1184,Rhodococcus terrae,LPSN,species/rhodococcus-terrae,2465
113,Rhodotorula minuta,MycoBank,271309,3369
1866,Rhodotorula mucilaginosa,MycoBank,271749,3347
695,Rhodotorula pilimanae,MycoBank,305282,3347
313,Rickettsia tsutsugamushi,LPSN,species/rickettsia-tsutsugamushi,2166
1178,Riemerella anatipestifer,LPSN,species/riemerella-anatipestifer,2974
2021,Rift Valley fever virus,ICTV,202100163,3341
712,Rochalimaea elizabethae,LPSN,species/rochalimaea-elizabethae,2520
1365,Rochalimaea henselae,LPSN,species/rochalimaea-henselae,1639
2094,Rochalimaea quintana,LPSN,species/rochalimaea-quintana,2075
413,Rochalimaea vinsonii,LPSN,species/rochalimaea-vinsonii,1535
223,Rubella virus,ICTV,202105115,3342
883,Ruminococcus hansenii,LPSN,species/ruminococcus-hansenii,168
1087,Ruminococcus productus,LPSN,species/ruminococcus-productus,631
2608,SARS-CoV-2,NeoIPC,6,2607
2741,Salmonella Bareilly,NeoIPC,38,2740
2739,Salmonella Infantis,NeoIPC,36,2738
2743,Salmonella Isangi,NeoIPC,40,2742
2745,Salmonella Kottbus,NeoIPC,42,2744
2747,Salmonella Livingstone,NeoIPC,44,2746
2749,Salmonella Montevideo,NeoIPC,46,2748
2751,Salmonella Newport,NeoIPC,48,2750
2753,Salmonella Ohio,NeoIPC,50,2752
2755,Salmonella Senftenberg,NeoIPC,52,2754
2757,Salmonella Tennessee,NeoIPC,54,2756
2765,Salmonella Typhi,LPSN,species/salmonella-typhi,2764
2767,Salmonella Typhimurium,LPSN,species/salmonella-typhimurium,2766
2759,Salmonella Urbana,NeoIPC,56,2758
2761,Salmonella Virchow,NeoIPC,58,2760
2763,Salmonella Worthington,NeoIPC,60,2762
2735,Salmonella choleraesuis,LPSN,species/salmonella-choleraesuis,2734
2737,Salmonella enteritidis,LPSN,species/salmonella-enteritidis,2736
1935,Sarcinosporon,MycoBank,9785,83
2540,Sarcinosporon inkin,MycoBank,323077,1834
1506,Scedosporium inflatum,MycoBank,106457,2547
2254,Schwanniomyces,MycoBank,4918,2966
691,Scolecobasidium constrictum,MycoBank,261824,1429
952,Scolecobasidium humicola,MycoBank,338922,861
2092,Scopulariopsis acremonium,MycoBank,101682,3370
463,Scopulariopsis brumptii,MycoBank,251112,3355
49,Scytalidium dimidiatum,MycoBank,126371,2145
1888,Scytalidium hyalinum,MycoBank,323361,2145
534,Serpulina,LPSN,genus/serpulina,128
1847,Serpulina pilosicoli,LPSN,species/serpulina-pilosicoli,984
1186,Serratia marinorubra,LPSN,species/serratia-marinorubra,768
1979,Simian virus 40,ICTV,202104464,3335
76,Simonsiella crassa,LPSN,species/simonsiella-crassa,1658
65,Sphingobacterium heparinum,LPSN,species/sphingobacterium-heparinum,1048
2088,Sphingobacterium mizutae,LPSN,species/sphingobacterium-mizutae,3281
1266,Sphingobacterium piscium,LPSN,species/sphingobacterium-piscium,3194
2204,Sporothrix cyanescens,MycoBank,323930,3389
1105,Sporotrichum beurmannii,MycoBank,164415,1408
856,Sporotrichum schenckii,MycoBank,203728,1408
2687,St. Louis encephalitis virus,ICTV,202103112,2686
2006,Staphylococcus carnosus utilis,LPSN,subspecies/staphylococcus-carnosus-utilis,2223
2556,Staphylococcus caseolyticus,LPSN,species/staphylococcus-caseolyticus,1692
546,Staphylococcus cohnii cohnii,LPSN,subspecies/staphylococcus-cohnii-cohnii,815
2125,Staphylococcus cohnii urealyticus,LPSN,subspecies/staphylococcus-cohnii-urealyticus,3026
2365,Staphylococcus fleurettii,LPSN,species/staphylococcus-fleurettii,2993
188,Staphylococcus hyicus chromogenes,LPSN,subspecies/staphylococcus-hyicus-chromogenes,2342
1615,Staphylococcus hyicus hyicus,LPSN,subspecies/staphylococcus-hyicus-hyicus,2496
964,Staphylococcus lentus,LPSN,species/staphylococcus-lentus,3055
2532,Staphylococcus pulvereri,LPSN,species/staphylococcus-pulvereri,2987
16,Staphylococcus saprophyticus bovis,LPSN,subspecies/staphylococcus-saprophyticus-bovis,739
1015,Staphylococcus schleiferi coagulans,LPSN,subspecies/staphylococcus-schleiferi-coagulans,2999
1748,Staphylococcus schleiferi schleiferi,LPSN,subspecies/staphylococcus-schleiferi-schleiferi,741
1158,Staphylococcus sciuri,LPSN,species/staphylococcus-sciuri,2969
2232,Staphylococcus sciuri carnaticus,LPSN,subspecies/staphylococcus-sciuri-carnaticus,2969
2407,Staphylococcus sciuri lentus,LPSN,subspecies/staphylococcus-sciuri-lentus,3055
260,Staphylococcus sciuri rodentium,LPSN,subspecies/staphylococcus-sciuri-rodentium,2969
1216,Staphylococcus succinus casei,LPSN,subspecies/staphylococcus-succinus-casei,3330
1282,Staphylococcus succinus succinus,LPSN,subspecies/staphylococcus-succinus-succinus,1026
595,Staphylococcus vitulinus,LPSN,species/staphylococcus-vitulinus,2987
942,Stenotrophomonas,LPSN,genus/stenotrophomonas,1508
681,Stenotrophomonas maltophilia,LPSN,species/stenotrophomonas-maltophilia,2385
2259,Stephanoascus ciferrii,MycoBank,324077,3371
2171,Stomatococcus mucilaginosus,LPSN,species/stomatococcus-mucilaginosus,1242
1325,Streptococcus adjacens,LPSN,species/streptococcus-adjacens,201
2783,Streptococcus bovis,LPSN,species/streptococcus-bovis,2323
2256,Streptococcus caprinus,LPSN,species/streptococcus-caprinus,1163
1401,Streptococcus cecorum,LPSN,species/streptococcus-cecorum,369
649,Streptococcus defectivus,LPSN,species/streptococcus-defectivus,108
2131,Streptococcus dentisani,LPSN,species/streptococcus-dentisani,3064
2027,Streptococcus durans,LPSN,species/streptococcus-durans,1236
878,Streptococcus faecalis,LPSN,species/streptococcus-faecalis,2345
2362,Streptococcus faecium,LPSN,species/streptococcus-faecium,1865
2410,Streptococcus gallinarum,LPSN,species/streptococcus-gallinarum,1908
1240,Streptococcus hansenii,LPSN,species/streptococcus-hansenii,168
1537,Streptococcus intestinalis,LPSN,species/streptococcus-intestinalis,2255
379,Streptococcus lactis,LPSN,species/streptococcus-lactis,1887
2800,Streptococcus milleri group,NeoIPC,70,2799
1926,Streptococcus morbillorum,LPSN,species/streptococcus-morbillorum,1392
501,Streptococcus oligofermentans,LPSN,species/streptococcus-oligofermentans,1583
26,Streptococcus parvulus,LPSN,species/streptococcus-parvulus,3011
1894,Streptococcus pasteurianus,LPSN,species/streptococcus-pasteurianus,1613
1453,Streptococcus saccharolyticus,LPSN,species/streptococcus-saccharolyticus,303
2792,Streptococcus sanguis,LPSN,species/streptococcus-sanguis,537
650,Streptococcus shiloi,LPSN,species/streptococcus-shiloi,2222
2175,Streptococcus thermophilus,LPSN,species/streptococcus-thermophilus,2132
2038,Streptococcus tigurinus,LPSN,species/streptococcus-tigurinus,3179
950,Streptomyces caviscabies,LPSN,species/streptomyces-caviscabies,2445
383,Streptomyces erumpens,LPSN,species/streptomyces-erumpens,2445
255,Streptomyces roseosporus,LPSN,species/streptomyces-roseosporus,2023
329,Streptomyces setonii,LPSN,species/streptomyces-setonii,2445
1879,Tatlockia micdadei,LPSN,species/tatlockia-micdadei,2263
605,Torula dimidiata,MycoBank,151916,2145
2593,Torula lipolytica,MycoBank,456575,3377
737,Torula utilis,MycoBank,456582,3356
425,Torulopsis aggregata,MycoBank,291457,1055
558,Torulopsis haemulonii,MycoBank,581361,3380
2086,Torulopsis inconspicua,MycoBank,306936,1805
1284,Torulopsis pintolopesii,MycoBank,306944,3348
1574,Torulopsis utilis,MycoBank,281224,3356
2180,Trichosporon cutaneum,MycoBank,122298,3358
317,Trichosporon loubieri,MycoBank,324992,3412
1773,Trichosporon mucoides,MycoBank,361474,3360
488,Trichosporon mycotoxinivorans,MycoBank,581367,3398
220,Trichosporon penicillatum,MycoBank,340426,3405
1247,Trichosporon pullulans,MycoBank,291595,3404
1601,Turicella,LPSN,genus/turicella,1968
901,Turicella otitidis,LPSN,species/turicella-otitidis,3036
1578,Ulocladium,MycoBank,10346,874
876,Varicella-zoster virus,ICTV,202101454,2620
1169,Veillonella alcalescens,LPSN,species/veillonella-alcalescens,674
5,Vibrio carchariae,LPSN,species/vibrio-carchariae,2261
1954,Vibrio damsela,LPSN,species/vibrio-damsela,3221
1892,Vibrio succinogenes,LPSN,species/vibrio-succinogenes,1804
1246,Vibrio trachuri,LPSN,species/vibrio-trachuri,2261
1157,Wangiella,MycoBank,10430,2251
348,Wangiella dermatitidis,MycoBank,325539,212
230,Wautersia gilardii,LPSN,species/wautersia-gilardii,1536
2071,Wautersia paucula,LPSN,species/wautersia-paucula,1512
2056,Weeksella zoohelcum,LPSN,species/weeksella-zoohelcum,494
2087,Wolinella curva,LPSN,species/wolinella-curva,1458
276,Wolinella recta,LPSN,species/wolinella-recta,95
360,Xenorhabdus luminescens,LPSN,species/xenorhabdus-luminescens,781
1140,Zika virus,ICTV,202103123,3415
